video,width,height,scale,fps
/Users/oakley/Documents/GitHub/signal_respirometry/video/GX010063.MP4,3840,2160,0.5,29.97002997002997

frame,time_s,region,cx,cy,area,bbox_x,bbox_y,bbox_w,bbox_h
1,0.033367,all,870.50,355.50,13.00,869,353,4,6
1,0.033367,all,1054.67,258.17,48.00,1047,256,16,5
1,0.033367,all,1637.36,127.09,70.50,1627,124,20,7
2,0.066733,all,870.50,355.50,13.00,869,353,4,6
2,0.066733,all,1054.61,258.15,51.00,1047,256,16,6
2,0.066733,all,1638.72,126.67,56.50,1630,124,17,6
3,0.100100,all,870.50,355.50,13.00,869,353,4,6
3,0.100100,all,1054.61,258.07,51.00,1047,256,16,5
3,0.100100,all,1639.12,126.62,53.50,1631,124,16,6
4,0.133467,all,870.50,355.50,13.00,869,353,4,6
4,0.133467,all,1054.17,257.96,59.00,1046,255,17,7
4,0.133467,all,1639.60,126.64,48.50,1632,124,15,6
5,0.166833,all,870.30,355.21,10.50,869,353,4,6
5,0.166833,all,1054.36,257.90,66.00,1046,255,17,7
5,0.166833,all,1640.46,126.45,42.00,1635,124,12,6
6,0.200200,all,870.30,355.21,10.50,869,353,4,6
6,0.200200,all,1054.48,257.76,66.00,1046,255,17,6
6,0.200200,all,1640.92,126.30,38.00,1636,124,11,6
7,0.233567,all,870.30,355.21,10.50,869,353,4,6
7,0.233567,all,1054.50,257.76,68.00,1046,255,17,7
7,0.233567,all,1641.18,126.26,35.50,1636,124,11,6
8,0.266933,all,870.30,355.21,10.50,869,353,4,6
8,0.266933,all,1054.51,257.77,70.00,1046,255,17,7
8,0.266933,all,1641.37,126.22,34.00,1637,124,10,6
9,0.300300,all,870.30,355.21,10.50,869,353,4,6
9,0.300300,all,1054.57,257.73,69.00,1046,255,17,7
9,0.300300,all,1641.37,126.22,34.00,1637,124,10,6
10,0.333667,all,870.30,355.21,10.50,869,353,4,6
10,0.333667,all,1054.51,257.77,70.00,1046,255,17,7
10,0.333667,all,1641.44,126.27,33.00,1637,124,10,6
11,0.367033,all,870.30,355.21,10.50,869,353,4,6
11,0.367033,all,1054.45,257.73,71.00,1046,255,17,7
11,0.367033,all,1641.30,126.41,35.50,1637,124,10,6
12,0.400400,all,870.50,355.00,10.00,869,353,4,5
12,0.400400,all,1054.56,257.81,73.00,1046,255,17,7
12,0.400400,all,1641.46,126.33,34.00,1637,124,10,6
13,0.433767,all,870.41,355.28,11.50,869,353,4,6
13,0.433767,all,1054.56,257.81,73.00,1046,255,17,7
13,0.433767,all,1641.46,126.33,34.00,1637,124,10,6
14,0.467133,all,870.41,355.28,11.50,869,353,4,6
14,0.467133,all,1054.56,257.81,73.00,1046,255,17,7
14,0.467133,all,1641.46,126.33,34.00,1637,124,10,6
15,0.500500,all,870.41,355.28,11.50,869,353,4,6
15,0.500500,all,1054.76,257.73,73.50,1046,255,17,7
15,0.500500,all,1641.63,126.36,32.50,1637,124,10,6
16,0.533867,all,870.41,355.28,11.50,869,353,4,6
16,0.533867,all,1054.82,257.84,76.50,1046,255,17,7
16,0.533867,all,1641.63,126.36,32.50,1637,124,10,6
17,0.567233,all,870.50,355.00,10.00,869,353,4,5
17,0.567233,all,1054.82,257.84,76.50,1046,255,17,7
17,0.567233,all,1641.63,126.36,32.50,1637,124,10,6
18,0.600600,all,870.50,355.00,10.00,869,353,4,5
18,0.600600,all,1054.82,257.84,76.50,1046,255,17,7
18,0.600600,all,1641.63,126.36,32.50,1637,124,10,6
19,0.633967,all,870.50,355.00,10.00,869,353,4,5
19,0.633967,all,1054.82,257.84,76.50,1046,255,17,7
19,0.633967,all,1641.65,126.53,36.50,1637,124,10,6
20,0.667333,all,870.59,355.28,11.50,869,353,4,6
20,0.667333,all,1054.82,257.84,76.50,1046,255,17,7
20,0.667333,all,1641.50,126.50,35.00,1637,124,10,6
21,0.700700,all,870.59,355.28,11.50,869,353,4,6
21,0.700700,all,1054.83,257.87,77.50,1046,255,17,7
21,0.700700,all,1641.50,126.50,35.00,1637,124,10,6
22,0.734067,all,870.59,355.28,11.50,869,353,4,6
22,0.734067,all,1054.83,257.87,77.50,1046,255,17,7
22,0.734067,all,1641.50,126.50,35.00,1637,124,10,6
23,0.767433,all,870.59,355.28,11.50,869,353,4,6
23,0.767433,all,1054.83,257.87,77.50,1046,255,17,7
23,0.767433,all,1641.50,126.50,35.00,1637,124,10,6
24,0.800800,all,870.65,355.68,13.50,869,353,4,7
24,0.800800,all,1054.83,257.87,77.50,1046,255,17,7
24,0.800800,all,1641.67,126.42,33.50,1637,124,10,6
25,0.834167,all,870.65,355.68,13.50,869,353,4,7
25,0.834167,all,1054.82,257.84,76.50,1046,255,17,7
25,0.834167,all,1641.67,126.42,33.50,1637,124,10,6
26,0.867533,all,870.65,355.68,13.50,869,353,4,7
26,0.867533,all,1054.82,257.84,76.50,1046,255,17,7
26,0.867533,all,1641.79,126.41,32.50,1638,124,9,6
27,0.900900,all,870.65,355.68,13.50,869,353,4,7
27,0.900900,all,1054.75,257.87,77.50,1046,255,17,7
27,0.900900,all,1641.79,126.41,32.50,1638,124,9,6
28,0.934267,all,870.65,355.68,13.50,869,353,4,7
28,0.934267,all,1054.74,257.97,80.50,1046,255,17,7
28,0.934267,all,1641.79,126.41,32.50,1638,124,9,6
29,0.967633,all,870.65,355.68,13.50,869,353,4,7
29,0.967633,all,1054.74,258.00,81.50,1046,255,17,7
29,0.967633,all,1641.79,126.41,32.50,1638,124,9,6
30,1.001000,all,870.65,355.68,13.50,869,353,4,7
30,1.001000,all,1054.89,257.98,80.00,1047,255,16,7
30,1.001000,all,1641.94,126.44,34.00,1638,124,9,6
31,1.034367,all,870.65,355.68,13.50,869,353,4,7
31,1.034367,all,1054.83,257.98,80.00,1047,255,16,7
31,1.034367,all,1641.94,126.44,34.00,1638,124,9,6
32,1.067733,all,870.65,355.68,13.50,869,353,4,7
32,1.067733,all,1054.90,257.91,78.00,1047,255,16,7
32,1.067733,all,1641.94,126.44,34.00,1638,124,9,6
33,1.101100,all,870.65,355.68,13.50,869,353,4,7
33,1.101100,all,1054.75,257.94,79.50,1046,255,17,7
33,1.101100,all,1641.94,126.44,34.00,1638,124,9,6
34,1.134467,all,870.65,355.68,13.50,869,353,4,7
34,1.134467,all,1054.75,257.97,80.50,1046,255,17,7
34,1.134467,all,1641.94,126.44,34.00,1638,124,9,6
35,1.167833,all,870.65,355.68,13.50,869,353,4,7
35,1.167833,all,1054.68,258.00,81.50,1046,255,17,7
35,1.167833,all,1641.94,126.44,34.00,1638,124,9,6
36,1.201200,all,870.65,355.68,13.50,869,353,4,7
36,1.201200,all,1054.67,258.03,82.50,1046,255,17,7
36,1.201200,all,1642.00,126.50,33.00,1638,124,9,6
37,1.234567,all,870.65,355.68,13.50,869,353,4,7
37,1.234567,all,1054.67,258.03,82.50,1046,255,17,7
37,1.234567,all,1642.00,126.50,33.00,1638,124,9,6
38,1.267933,all,870.65,355.68,13.50,869,353,4,7
38,1.267933,all,1054.79,258.07,84.00,1046,255,17,7
38,1.267933,all,1642.00,126.50,33.00,1638,124,9,6
39,1.301300,all,870.65,355.68,13.50,869,353,4,7
39,1.301300,all,1054.79,258.07,84.00,1046,255,17,7
39,1.301300,all,1642.00,126.50,33.00,1638,124,9,6
40,1.334667,all,870.65,355.68,13.50,869,353,4,7
40,1.334667,all,1054.81,258.09,84.00,1047,255,16,7
40,1.334667,all,1641.94,126.44,34.00,1638,124,9,6
41,1.368033,all,870.65,355.68,13.50,869,353,4,7
41,1.368033,all,1054.81,258.09,84.00,1047,255,16,7
41,1.368033,all,1642.06,126.56,34.00,1638,124,9,6
42,1.401400,all,870.65,355.68,13.50,869,353,4,7
42,1.401400,all,1054.81,258.09,84.00,1047,255,16,7
42,1.401400,all,1642.06,126.56,34.00,1638,124,9,6
43,1.434767,all,870.65,355.68,13.50,869,353,4,7
43,1.434767,all,1054.81,258.09,84.00,1047,255,16,7
43,1.434767,all,1642.06,126.56,34.00,1638,124,9,6
44,1.468133,all,870.65,355.68,13.50,869,353,4,7
44,1.468133,all,1054.81,258.09,84.00,1047,255,16,7
44,1.468133,all,1642.06,126.56,34.00,1638,124,9,6
45,1.501500,all,870.65,355.68,13.50,869,353,4,7
45,1.501500,all,1054.81,258.09,84.00,1047,255,16,7
45,1.501500,all,1642.06,126.56,34.00,1638,124,9,6
46,1.534867,all,870.65,355.68,13.50,869,353,4,7
46,1.534867,all,1054.71,258.10,85.00,1046,255,17,7
46,1.534867,all,1642.06,126.56,34.00,1638,124,9,6
47,1.568233,all,870.65,355.68,13.50,869,353,4,7
47,1.568233,all,1054.71,258.10,85.00,1046,255,17,7
47,1.568233,all,1642.21,126.59,32.50,1638,124,9,6
48,1.601600,all,1445.51,844.23,148.00,1440,829,11,28
48,1.601600,all,783.50,613.50,10.00,781,612,6,4
48,1.601600,all,789.07,549.14,7.00,787,546,5,8
48,1.601600,all,798.06,456.24,35.50,796,450,8,16
48,1.601600,all,1393.97,454.17,72.00,1390,444,8,23
48,1.601600,all,870.65,355.68,13.50,869,353,4,7
48,1.601600,all,1054.71,258.10,85.00,1046,255,17,7
48,1.601600,all,784.76,247.68,19.00,783,243,5,11
48,1.601600,all,1642.21,126.59,32.50,1638,124,9,6
48,1.601600,all,1339.41,23.34,34.50,1336,20,8,8
49,1.634967,all,1452.00,860.00,10.00,1451,857,3,7
49,1.634967,all,1444.63,849.87,31.00,1442,846,6,9
49,1.634967,all,1474.79,647.21,59.00,1470,640,11,17
49,1.634967,all,1386.00,420.00,6.00,1385,418,3,5
49,1.634967,all,870.65,355.68,13.50,869,353,4,7
49,1.634967,all,1054.71,258.10,85.00,1046,255,17,7
49,1.634967,all,1642.21,126.59,32.50,1638,124,9,6
50,1.668333,all,870.65,355.68,13.50,869,353,4,7
50,1.668333,all,1054.71,258.10,85.00,1046,255,17,7
50,1.668333,all,1642.21,126.59,32.50,1638,124,9,6
51,1.701700,all,870.65,355.68,13.50,869,353,4,7
51,1.701700,all,1054.71,258.10,85.00,1046,255,17,7
51,1.701700,all,1642.21,126.59,32.50,1638,124,9,6
52,1.735067,all,870.65,355.68,13.50,869,353,4,7
52,1.735067,all,1054.77,258.13,84.00,1046,255,17,7
52,1.735067,all,1642.21,126.59,32.50,1638,124,9,6
53,1.768433,all,870.65,355.68,13.50,869,353,4,7
53,1.768433,all,1054.77,258.13,84.00,1046,255,17,7
53,1.768433,all,1642.21,126.59,32.50,1638,124,9,6
54,1.801800,all,1426.91,686.44,181.50,1413,680,33,14
54,1.801800,all,870.65,355.68,13.50,869,353,4,7
54,1.801800,all,1055.03,258.13,87.00,1046,255,18,7
54,1.801800,all,1421.86,137.71,80.00,1411,133,20,11
54,1.801800,all,1642.21,126.59,32.50,1638,124,9,6
55,1.835167,all,1442.56,686.87,15.00,1440,683,6,9
55,1.835167,all,1418.54,684.81,190.00,1405,679,31,15
55,1.835167,all,1430.18,621.81,16.00,1429,618,4,9
55,1.835167,all,1428.45,607.91,30.00,1426,602,6,14
55,1.835167,all,870.75,355.65,12.50,869,353,4,7
55,1.835167,all,1055.03,258.13,87.00,1046,255,18,7
55,1.835167,all,1402.84,145.26,48.00,1396,140,16,9
55,1.835167,all,1426.00,139.50,8.00,1425,137,3,6
55,1.835167,all,1418.00,135.63,15.00,1414,134,9,5
55,1.835167,all,1642.06,126.56,34.00,1638,124,9,6
56,1.868533,all,1411.67,684.52,29.00,1408,680,8,9
56,1.868533,all,870.65,355.68,13.50,869,353,4,7
56,1.868533,all,1055.13,258.12,86.00,1047,255,17,7
56,1.868533,all,1642.06,126.56,34.00,1638,124,9,6
57,1.901900,all,870.65,355.68,13.50,869,353,4,7
57,1.901900,all,1054.94,258.14,86.00,1046,255,18,7
57,1.901900,all,1642.21,126.59,32.50,1638,124,9,6
58,1.935267,all,870.65,355.68,13.50,869,353,4,7
58,1.935267,all,1055.04,258.13,85.00,1047,255,17,7
58,1.935267,all,1642.21,126.59,32.50,1638,124,9,6
59,1.968633,all,870.65,355.68,13.50,869,353,4,7
59,1.968633,all,1055.04,258.13,85.00,1047,255,17,7
59,1.968633,all,1642.21,126.59,32.50,1638,124,9,6
60,2.002000,all,1425.34,674.15,42.50,1421,664,8,24
60,2.002000,all,1416.33,661.00,6.00,1415,659,4,5
60,2.002000,all,1419.32,569.09,11.00,1418,566,4,7
60,2.002000,all,1411.62,427.74,258.50,1404,399,19,53
60,2.002000,all,1422.35,391.08,13.00,1421,387,4,9
60,2.002000,all,870.65,355.68,13.50,869,353,4,7
60,2.002000,all,1054.95,258.12,84.00,1047,255,17,7
60,2.002000,all,1642.21,126.59,32.50,1638,124,9,6
60,2.002000,all,1363.58,17.18,57.00,1357,14,15,7
61,2.035367,all,1410.08,430.67,52.00,1407,422,9,18
61,2.035367,all,870.75,355.65,12.50,869,353,4,7
61,2.035367,all,1054.95,258.12,84.00,1047,255,17,7
61,2.035367,all,1642.21,126.59,32.50,1638,124,9,6
61,2.035367,all,1359.70,16.30,5.50,1358,15,4,4
62,2.068733,all,870.65,355.68,13.50,869,353,4,7
62,2.068733,all,1055.04,258.13,85.00,1047,255,17,7
62,2.068733,all,1642.21,126.59,32.50,1638,124,9,6
63,2.102100,all,1421.74,676.67,50.50,1418,668,7,16
63,2.102100,all,1409.06,605.38,34.00,1405,593,10,24
63,2.102100,all,1403.93,421.88,95.00,1401,413,9,24
63,2.102100,all,870.80,355.49,15.00,869,353,5,7
63,2.102100,all,1055.04,258.13,85.00,1047,255,17,7
63,2.102100,all,1642.21,126.59,32.50,1638,124,9,6
63,2.102100,all,1353.10,21.54,19.00,1351,18,6,7
64,2.135467,all,1403.00,424.50,8.00,1402,422,3,6
64,2.135467,all,1404.46,416.22,16.00,1402,414,7,6
64,2.135467,all,870.80,355.49,15.00,869,353,5,7
64,2.135467,all,1055.04,258.13,85.00,1047,255,17,7
64,2.135467,all,1642.21,126.59,32.50,1638,124,9,6
65,2.168833,all,870.80,355.49,15.00,869,353,5,7
65,2.168833,all,1055.04,258.13,85.00,1047,255,17,7
65,2.168833,all,1642.21,126.59,32.50,1638,124,9,6
66,2.202200,all,870.80,355.49,15.00,869,353,5,7
66,2.202200,all,1055.04,258.13,85.00,1047,255,17,7
66,2.202200,all,1642.21,126.59,32.50,1638,124,9,6
67,2.235567,all,1364.50,895.40,56.50,1361,888,10,13
67,2.235567,all,1378.73,672.08,106.00,1372,656,14,32
67,2.235567,all,1406.67,640.00,6.00,1405,638,4,5
67,2.235567,all,1384.33,469.59,75.50,1382,456,7,31
67,2.235567,all,870.65,355.68,13.50,869,353,4,7
67,2.235567,all,1055.04,258.13,85.00,1047,255,17,7
67,2.235567,all,1642.33,126.58,31.50,1638,124,9,6
67,2.235567,all,1335.62,23.75,16.50,1333,21,7,6
68,2.268933,all,1363.87,895.92,13.00,1362,893,5,7
68,2.268933,all,1376.14,682.57,14.00,1374,679,5,8
68,2.268933,all,1400.30,508.70,5.50,1399,507,4,4
68,2.268933,all,871.03,355.65,12.50,869,353,5,7
68,2.268933,all,1055.04,258.13,85.00,1047,255,17,7
68,2.268933,all,1642.21,126.59,32.50,1638,124,9,6
69,2.302300,all,870.88,355.91,11.00,869,353,4,7
69,2.302300,all,1055.13,258.12,86.00,1047,255,17,7
69,2.302300,all,1642.21,126.59,32.50,1638,124,9,6
70,2.335667,all,1404.88,657.48,44.00,1399,653,12,14
70,2.335667,all,1403.97,492.75,12.50,1402,490,5,6
70,2.335667,all,870.76,355.92,12.00,869,353,4,7
70,2.335667,all,1055.13,258.12,86.00,1047,255,17,7
70,2.335667,all,1642.50,126.50,30.00,1639,124,8,6
70,2.335667,all,1352.44,91.42,31.50,1348,86,11,11
70,2.335667,all,1365.54,78.47,51.00,1359,71,12,15
70,2.335667,all,1364.24,67.04,7.50,1362,65,5,5
71,2.369033,all,1399.94,497.15,18.50,1396,493,9,8
71,2.369033,all,1392.28,469.68,19.00,1390,467,6,7
71,2.369033,all,870.91,355.68,13.50,869,353,5,7
71,2.369033,all,1055.13,258.12,86.00,1047,255,17,7
71,2.369033,all,1642.33,126.58,31.50,1638,124,9,6
71,2.369033,all,1347.71,100.78,78.00,1346,88,6,28
72,2.402400,all,1415.68,688.57,20.00,1413,686,6,7
72,2.402400,all,1403.95,686.23,21.00,1401,684,7,6
72,2.402400,all,1383.27,506.38,147.50,1372,494,22,26
72,2.402400,all,870.91,355.68,13.50,869,353,5,7
72,2.402400,all,1055.13,258.12,86.00,1047,255,17,7
72,2.402400,all,1642.50,126.50,30.00,1639,124,8,6
72,2.402400,all,1336.89,20.55,33.50,1331,18,12,6
73,2.435767,all,1381.69,500.40,30.50,1378,496,7,11
73,2.435767,all,870.91,355.68,13.50,869,353,5,7
73,2.435767,all,1055.13,258.12,86.00,1047,255,17,7
73,2.435767,all,1642.50,126.50,30.00,1639,124,8,6
73,2.435767,all,1337.50,20.00,10.00,1334,18,8,5
74,2.469133,all,870.92,356.11,15.50,869,353,5,8
74,2.469133,all,1055.13,258.12,86.00,1047,255,17,7
74,2.469133,all,1642.50,126.50,30.00,1639,124,8,6
75,2.502500,all,870.91,355.68,13.50,869,353,5,7
75,2.502500,all,1055.13,258.12,86.00,1047,255,17,7
75,2.502500,all,1642.50,126.50,30.00,1639,124,8,6
76,2.535867,all,870.88,355.91,11.00,869,353,4,7
76,2.535867,all,1055.13,258.12,86.00,1047,255,17,7
76,2.535867,all,1642.33,126.58,31.50,1638,124,9,6
77,2.569233,all,870.88,355.91,11.00,869,353,4,7
77,2.569233,all,1055.13,258.12,86.00,1047,255,17,7
77,2.569233,all,1642.33,126.58,31.50,1638,124,9,6
78,2.602600,all,1053.30,641.30,5.50,1052,640,4,4
78,2.602600,all,871.14,355.60,13.50,869,353,5,7
78,2.602600,all,1055.13,258.12,86.00,1047,255,17,7
78,2.602600,all,1642.21,126.59,32.50,1638,124,9,6
79,2.635967,all,871.14,355.60,13.50,869,353,5,7
79,2.635967,all,1055.13,258.12,86.00,1047,255,17,7
79,2.635967,all,1642.33,126.58,33.50,1638,124,10,6
80,2.669333,all,1469.53,625.75,18.00,1466,623,8,7
80,2.669333,all,1459.77,426.44,18.00,1458,421,5,12
80,2.669333,all,871.03,355.65,12.50,869,353,5,7
80,2.669333,all,1055.13,258.12,86.00,1047,255,17,7
80,2.669333,all,1642.33,126.58,33.50,1638,124,10,6
80,2.669333,all,1404.19,13.61,29.50,1401,9,8,9
81,2.702700,all,871.03,355.65,12.50,869,353,5,7
81,2.702700,all,1055.13,258.12,86.00,1047,255,17,7
81,2.702700,all,1642.33,126.58,33.50,1638,124,10,6
82,2.736067,all,871.03,355.65,12.50,869,353,5,7
82,2.736067,all,1055.13,258.12,86.00,1047,255,17,7
82,2.736067,all,1642.62,126.48,31.00,1639,124,9,6
83,2.769433,all,871.03,355.65,12.50,869,353,5,7
83,2.769433,all,1432.05,365.11,121.00,1428,350,8,33
83,2.769433,all,1055.13,258.12,86.00,1047,255,17,7
83,2.769433,all,1642.62,126.48,31.00,1639,124,9,6
83,2.769433,all,1395.00,102.40,10.00,1392,100,7,5
83,2.769433,all,1388.89,69.91,176.50,1385,43,10,50
84,2.802800,all,871.03,355.65,12.50,869,353,5,7
84,2.802800,all,1055.13,258.12,86.00,1047,255,17,7
84,2.802800,all,1642.21,126.59,32.50,1638,124,9,6
84,2.802800,all,1388.81,65.34,44.00,1387,56,5,19
85,2.836167,all,871.03,355.65,12.50,869,353,5,7
85,2.836167,all,1055.13,258.12,86.00,1047,255,17,7
85,2.836167,all,1642.21,126.59,32.50,1638,124,9,6
86,2.869533,all,1469.58,889.45,102.00,1462,882,15,14
86,2.869533,all,1488.74,706.92,28.00,1485,703,7,8
86,2.869533,all,1440.75,693.21,126.50,1432,686,17,15
86,2.869533,all,1486.20,692.36,187.50,1476,685,21,19
86,2.869533,all,1427.00,650.00,24.00,1425,643,5,15
86,2.869533,all,1429.00,638.50,8.00,1428,636,3,6
86,2.869533,all,1383.26,486.10,61.00,1381,474,5,25
86,2.869533,all,871.03,355.65,12.50,869,353,5,7
86,2.869533,all,1055.13,258.12,86.00,1047,255,17,7
86,2.869533,all,1642.21,126.59,32.50,1638,124,9,6
86,2.869533,all,1332.50,24.00,10.00,1331,22,4,5
87,2.902900,all,1468.01,891.96,28.50,1464,889,10,6
87,2.902900,all,1471.34,885.41,16.50,1469,883,6,6
87,2.902900,all,1437.50,695.00,8.00,1435,694,6,3
87,2.902900,all,1486.25,692.02,68.00,1478,687,17,14
87,2.902900,all,871.03,355.65,12.50,869,353,5,7
87,2.902900,all,1055.13,258.12,86.00,1047,255,17,7
87,2.902900,all,1642.21,126.59,32.50,1638,124,9,6
88,2.936267,all,777.00,530.00,6.00,776,528,3,5
88,2.936267,all,614.30,462.30,5.50,613,461,4,4
88,2.936267,all,779.63,440.31,21.00,777,438,7,6
88,2.936267,all,1462.63,407.78,8.50,1461,406,4,5
88,2.936267,all,1470.78,397.73,13.00,1468,395,6,6
88,2.936267,all,871.03,355.65,12.50,869,353,5,7
88,2.936267,all,610.58,334.33,20.00,608,331,6,7
88,2.936267,all,1055.13,258.12,86.00,1047,255,17,7
88,2.936267,all,1642.21,126.59,32.50,1638,124,9,6
88,2.936267,all,1412.32,13.40,26.50,1405,10,12,7
89,2.969633,all,1424.17,903.22,19.50,1422,900,5,7
89,2.969633,all,1449.74,654.30,132.00,1443,646,16,17
89,2.969633,all,871.03,355.65,12.50,869,353,5,7
89,2.969633,all,781.56,265.99,19.50,778,261,7,10
89,2.969633,all,1055.13,258.12,86.00,1047,255,17,7
89,2.969633,all,1642.33,126.58,31.50,1638,124,9,6
90,3.003000,all,1450.10,654.72,47.00,1444,651,14,8
90,3.003000,all,871.02,356.11,14.50,869,353,5,8
90,3.003000,all,1055.04,258.13,85.00,1047,255,17,7
90,3.003000,all,1642.50,126.50,30.00,1639,124,8,6
91,3.036367,all,1398.00,659.50,10.00,1396,658,5,4
91,3.036367,all,1388.85,535.48,41.00,1383,530,13,12
91,3.036367,all,871.02,356.11,14.50,869,353,5,8
91,3.036367,all,1382.85,335.80,45.00,1379,329,11,14
91,3.036367,all,1055.04,258.13,85.00,1047,255,17,7
91,3.036367,all,1642.33,126.58,31.50,1638,124,9,6
91,3.036367,all,1348.11,97.19,26.00,1347,91,4,14
91,3.036367,all,1357.29,74.59,11.50,1355,72,5,6
92,3.069733,all,871.02,356.11,14.50,869,353,5,8
92,3.069733,all,1055.04,258.13,85.00,1047,255,17,7
92,3.069733,all,1642.50,126.50,30.00,1639,124,8,6
93,3.103100,all,871.02,356.11,14.50,869,353,5,8
93,3.103100,all,1055.04,258.13,85.00,1047,255,17,7
93,3.103100,all,1642.50,126.50,30.00,1639,124,8,6
94,3.136467,all,1505.99,666.56,64.50,1498,659,18,16
94,3.136467,all,1486.89,555.68,19.50,1482,553,10,7
94,3.136467,all,1527.13,510.43,40.00,1524,505,7,11
94,3.136467,all,871.02,356.11,14.50,869,353,5,8
94,3.136467,all,1055.04,258.13,85.00,1047,255,17,7
94,3.136467,all,1642.45,126.56,32.50,1638,124,10,6
95,3.169833,all,1504.08,667.75,12.00,1501,666,7,5
95,3.169833,all,1527.11,510.26,16.50,1525,507,5,7
95,3.169833,all,871.02,356.11,14.50,869,353,5,8
95,3.169833,all,1055.26,258.08,84.50,1047,255,17,7
95,3.169833,all,1642.50,126.63,31.50,1638,124,10,6
96,3.203200,all,871.12,356.04,15.50,869,353,5,8
96,3.203200,all,1055.26,258.08,84.50,1047,255,17,7
96,3.203200,all,1642.68,126.55,30.00,1639,124,9,6
97,3.236567,all,1462.35,565.63,22.50,1460,561,6,11
97,3.236567,all,1463.59,543.28,11.50,1462,541,4,6
97,3.236567,all,1008.44,440.96,45.00,1004,436,10,10
97,3.236567,all,1014.60,431.85,16.00,1011,428,8,8
97,3.236567,all,1451.00,402.14,14.00,1450,397,3,11
97,3.236567,all,1448.78,390.37,8.50,1447,389,5,4
97,3.236567,all,1447.03,385.69,12.00,1445,384,6,5
97,3.236567,all,871.12,356.04,15.50,869,353,5,8
97,3.236567,all,1055.26,258.08,84.50,1047,255,17,7
97,3.236567,all,995.70,199.70,5.50,994,198,4,4
97,3.236567,all,987.43,193.93,61.50,983,188,10,13
97,3.236567,all,1642.91,126.64,32.50,1639,124,9,6
97,3.236567,all,1396.11,22.25,29.50,1394,16,5,12
98,3.269933,all,871.12,356.04,15.50,869,353,5,8
98,3.269933,all,1055.13,258.12,86.00,1047,255,17,7
98,3.269933,all,988.81,194.00,7.00,987,192,4,5
98,3.269933,all,1642.68,126.55,30.00,1639,124,9,6
99,3.303300,all,871.12,356.04,15.50,869,353,5,8
99,3.303300,all,1055.20,258.14,85.00,1047,255,17,7
99,3.303300,all,1642.50,126.63,31.50,1638,124,10,6
100,3.336667,all,871.12,356.04,15.50,869,353,5,8
100,3.336667,all,1055.20,258.14,85.00,1047,255,17,7
100,3.336667,all,1642.50,126.50,30.00,1639,124,8,6
101,3.370033,all,871.12,356.04,15.50,869,353,5,8
101,3.370033,all,1055.20,258.14,85.00,1047,255,17,7
101,3.370033,all,1642.50,126.50,30.00,1639,124,8,6
102,3.403400,all,871.12,356.04,15.50,869,353,5,8
102,3.403400,all,1055.20,258.14,85.00,1047,255,17,7
102,3.403400,all,1642.50,126.50,30.00,1639,124,8,6
103,3.436767,all,871.12,356.04,15.50,869,353,5,8
103,3.436767,all,1466.30,348.93,102.50,1463,338,8,26
103,3.436767,all,1466.32,328.42,36.50,1463,322,8,13
103,3.436767,all,1463.00,316.50,8.00,1462,314,3,6
103,3.436767,all,1055.25,258.17,84.00,1047,255,17,7
103,3.436767,all,1642.68,126.55,30.00,1639,124,9,6
103,3.436767,all,1426.88,74.45,143.50,1420,60,14,28
104,3.470133,all,871.12,356.04,15.50,869,353,5,8
104,3.470133,all,1467.70,343.30,5.50,1466,342,4,4
104,3.470133,all,1055.25,258.17,84.00,1047,255,17,7
104,3.470133,all,1642.50,126.50,30.00,1639,124,8,6
104,3.470133,all,1426.89,74.30,58.00,1423,68,9,13
105,3.503500,all,871.12,356.04,15.50,869,353,5,8
105,3.503500,all,1055.25,258.17,84.00,1047,255,17,7
105,3.503500,all,1642.55,126.57,29.00,1639,124,8,6
106,3.536867,all,1383.20,457.23,86.50,1377,443,14,29
106,3.536867,all,871.12,356.04,15.50,869,353,5,8
106,3.536867,all,1055.25,258.17,84.00,1047,255,17,7
106,3.536867,all,1642.62,126.48,31.00,1639,124,9,6
106,3.536867,all,1336.09,24.50,26.50,1332,22,9,6
107,3.570233,all,1382.00,461.00,6.00,1381,459,3,5
107,3.570233,all,871.02,356.11,14.50,869,353,5,8
107,3.570233,all,1055.25,258.17,84.00,1047,255,17,7
107,3.570233,all,1642.68,126.55,30.00,1639,124,9,6
107,3.570233,all,1335.30,24.30,5.50,1334,23,4,4
108,3.603600,all,871.14,355.60,13.50,869,353,5,7
108,3.603600,all,1055.25,258.17,84.00,1047,255,17,7
108,3.603600,all,1642.63,126.58,31.50,1639,124,8,6
109,3.636967,all,871.14,355.60,13.50,869,353,5,7
109,3.636967,all,1055.25,258.17,84.00,1047,255,17,7
109,3.636967,all,1642.63,126.58,31.50,1639,124,8,6
110,3.670333,all,871.14,355.60,13.50,869,353,5,7
110,3.670333,all,1055.20,258.14,85.00,1047,255,17,7
110,3.670333,all,1642.50,126.50,30.00,1639,124,8,6
111,3.703700,all,871.14,355.60,13.50,869,353,5,7
111,3.703700,all,1055.20,258.14,85.00,1047,255,17,7
111,3.703700,all,1642.74,126.56,32.50,1639,124,9,6
112,3.737067,all,871.14,355.60,13.50,869,353,5,7
112,3.737067,all,1055.25,258.17,84.00,1047,255,17,7
112,3.737067,all,1642.86,126.58,33.50,1639,124,9,6
113,3.770433,all,871.14,355.60,13.50,869,353,5,7
113,3.770433,all,1055.25,258.17,84.00,1047,255,17,7
113,3.770433,all,1642.86,126.58,33.50,1639,124,9,6
114,3.803800,all,871.14,355.60,13.50,869,353,5,7
114,3.803800,all,1055.25,258.17,84.00,1047,255,17,7
114,3.803800,all,1642.74,126.56,32.50,1639,124,9,6
115,3.837167,all,871.12,356.04,15.50,869,353,5,8
115,3.837167,all,1055.25,258.17,84.00,1047,255,17,7
115,3.837167,all,1642.86,126.58,33.50,1639,124,9,6
116,3.870533,all,871.12,356.04,15.50,869,353,5,8
116,3.870533,all,1055.25,258.17,84.00,1047,255,17,7
116,3.870533,all,1642.74,126.56,32.50,1639,124,9,6
117,3.903900,all,871.12,356.04,15.50,869,353,5,8
117,3.903900,all,1055.25,258.17,84.00,1047,255,17,7
117,3.903900,all,1642.86,126.58,33.50,1639,124,9,6
117,3.903900,all,1435.88,3.17,27.00,1433,0,7,7
118,3.937267,all,1481.35,643.08,13.00,1480,639,4,9
118,3.937267,all,1493.91,430.40,15.00,1492,426,4,11
118,3.937267,all,871.12,356.04,15.50,869,353,5,8
118,3.937267,all,1055.39,258.18,82.50,1047,255,17,7
118,3.937267,all,1642.86,126.58,33.50,1639,124,9,6
118,3.937267,all,1434.42,1.42,7.50,1433,0,4,4
119,3.970633,all,1387.15,939.15,12.50,1385,937,5,5
119,3.970633,all,1424.76,670.22,7.50,1423,669,5,4
119,3.970633,all,1407.97,673.28,40.50,1402,669,12,9
119,3.970633,all,1402.70,659.30,5.50,1401,658,4,4
119,3.970633,all,1411.00,581.33,6.00,1409,580,5,4
119,3.970633,all,1404.72,421.28,272.00,1397,408,22,31
119,3.970633,all,871.02,356.11,14.50,869,353,5,8
119,3.970633,all,1055.39,258.18,82.50,1047,255,17,7
119,3.970633,all,1642.86,126.58,33.50,1639,124,9,6
119,3.970633,all,1354.21,24.59,74.50,1347,19,18,10
120,4.004000,all,1402.00,427.50,20.00,1398,424,9,8
120,4.004000,all,1403.20,412.96,37.50,1398,410,13,7
120,4.004000,all,782.85,388.97,20.00,778,386,10,7
120,4.004000,all,871.03,355.65,12.50,869,353,5,7
120,4.004000,all,778.89,331.85,31.50,775,329,9,8
120,4.004000,all,1055.39,258.18,82.50,1047,255,17,7
120,4.004000,all,1642.86,126.58,33.50,1639,124,9,6
120,4.004000,all,1351.77,24.50,26.50,1348,21,9,7
121,4.037367,all,745.00,491.00,6.00,744,489,3,5
121,4.037367,all,734.25,390.50,8.00,733,388,4,6
121,4.037367,all,871.03,355.65,12.50,869,353,5,7
121,4.037367,all,731.42,332.08,12.00,730,329,4,7
121,4.037367,all,1055.39,258.18,82.50,1047,255,17,7
121,4.037367,all,1642.63,126.58,31.50,1639,124,8,6
122,4.070733,all,1432.69,675.41,25.50,1427,672,10,8
122,4.070733,all,1406.22,667.78,8.50,1404,666,5,5
122,4.070733,all,1406.00,658.85,10.00,1404,657,5,5
122,4.070733,all,1417.29,603.71,14.00,1415,599,6,10
122,4.070733,all,1440.96,430.64,28.00,1438,424,6,15
122,4.070733,all,1424.83,399.50,12.00,1423,396,4,8
122,4.070733,all,871.14,355.60,13.50,869,353,5,7
122,4.070733,all,1055.39,258.18,82.50,1047,255,17,7
122,4.070733,all,1642.86,126.58,33.50,1639,124,9,6
122,4.070733,all,1375.59,42.22,9.00,1374,40,5,5
123,4.104100,all,871.03,355.65,12.50,869,353,5,7
123,4.104100,all,1055.39,258.18,82.50,1047,255,17,7
123,4.104100,all,1642.86,126.58,33.50,1639,124,9,6
124,4.137467,all,871.14,355.60,13.50,869,353,5,7
124,4.137467,all,1055.25,258.17,84.00,1047,255,17,7
124,4.137467,all,1642.86,126.58,33.50,1639,124,9,6
125,4.170833,all,871.03,355.65,12.50,869,353,5,7
125,4.170833,all,1055.16,258.18,83.00,1047,255,17,7
125,4.170833,all,1642.74,126.56,32.50,1639,124,9,6
126,4.204200,all,871.03,355.65,12.50,869,353,5,7
126,4.204200,all,1055.16,258.18,83.00,1047,255,17,7
126,4.204200,all,1642.74,126.56,32.50,1639,124,9,6
127,4.237567,all,871.14,355.60,13.50,869,353,5,7
127,4.237567,all,1055.39,258.18,82.50,1047,255,17,7
127,4.237567,all,1642.74,126.56,32.50,1639,124,9,6
128,4.270933,all,871.14,355.60,13.50,869,353,5,7
128,4.270933,all,1055.30,258.19,81.50,1047,255,17,7
128,4.270933,all,1642.63,126.58,31.50,1639,124,8,6
129,4.304300,all,871.14,355.60,13.50,869,353,5,7
129,4.304300,all,1055.39,258.18,82.50,1047,255,17,7
129,4.304300,all,1642.63,126.58,31.50,1639,124,8,6
130,4.337667,all,1050.90,639.97,79.50,1043,636,15,10
130,4.337667,all,871.14,355.60,13.50,869,353,5,7
130,4.337667,all,1055.25,258.17,84.00,1047,255,17,7
130,4.337667,all,1642.50,126.50,30.00,1639,124,8,6
131,4.371033,all,1050.13,640.30,44.00,1044,637,12,8
131,4.371033,all,871.14,355.60,13.50,869,353,5,7
131,4.371033,all,1055.25,258.17,84.00,1047,255,17,7
131,4.371033,all,1642.62,126.48,31.00,1639,124,9,6
132,4.404400,all,871.14,355.60,13.50,869,353,5,7
132,4.404400,all,1055.39,258.18,82.50,1047,255,17,7
132,4.404400,all,1642.50,126.50,30.00,1639,124,8,6
133,4.437767,all,871.14,355.60,13.50,869,353,5,7
133,4.437767,all,1055.39,258.18,82.50,1047,255,17,7
133,4.437767,all,1642.50,126.50,30.00,1639,124,8,6
134,4.471133,all,871.14,355.60,13.50,869,353,5,7
134,4.471133,all,1055.39,258.18,82.50,1047,255,17,7
134,4.471133,all,1642.63,126.58,31.50,1639,124,8,6
135,4.504500,all,871.14,355.60,13.50,869,353,5,7
135,4.504500,all,1055.39,258.18,82.50,1047,255,17,7
135,4.504500,all,1642.50,126.50,30.00,1639,124,8,6
136,4.537867,all,871.14,355.60,13.50,869,353,5,7
136,4.537867,all,1055.39,258.18,82.50,1047,255,17,7
136,4.537867,all,1642.50,126.50,30.00,1639,124,8,6
137,4.571233,all,871.14,355.60,13.50,869,353,5,7
137,4.571233,all,1055.25,258.17,84.00,1047,255,17,7
137,4.571233,all,1642.63,126.58,31.50,1639,124,8,6
138,4.604600,all,1452.63,554.78,8.50,1451,553,4,5
138,4.604600,all,1451.35,535.32,13.50,1450,532,4,7
138,4.604600,all,871.03,355.65,12.50,869,353,5,7
138,4.604600,all,1055.25,258.17,84.00,1047,255,17,7
138,4.604600,all,1642.63,126.58,31.50,1639,124,8,6
139,4.637967,all,1443.55,678.47,19.00,1442,673,4,12
139,4.637967,all,1420.30,609.58,35.50,1417,604,8,13
139,4.637967,all,1455.03,549.86,39.50,1452,541,7,17
139,4.637967,all,871.03,355.65,12.50,869,353,5,7
139,4.637967,all,1055.25,258.17,84.00,1047,255,17,7
139,4.637967,all,1642.63,126.58,31.50,1639,124,8,6
140,4.671333,all,1423.94,662.68,13.50,1421,660,7,7
140,4.671333,all,1428.33,647.00,13.00,1427,644,4,7
140,4.671333,all,1419.53,609.25,26.50,1416,606,8,9
140,4.671333,all,1433.00,425.91,46.00,1432,412,3,27
140,4.671333,all,1419.37,388.17,120.50,1411,379,19,18
140,4.671333,all,871.03,355.65,12.50,869,353,5,7
140,4.671333,all,1055.25,258.17,84.00,1047,255,17,7
140,4.671333,all,1642.63,126.58,31.50,1639,124,8,6
140,4.671333,all,1368.06,39.66,49.00,1361,34,18,14
140,4.671333,all,1376.12,36.23,21.50,1373,32,6,8
141,4.704700,all,1428.30,617.50,20.00,1426,612,6,12
141,4.704700,all,1420.09,513.46,47.00,1412,507,13,14
141,4.704700,all,871.03,355.65,12.50,869,353,5,7
141,4.704700,all,1055.39,258.18,82.50,1047,255,17,7
141,4.704700,all,1642.74,126.56,32.50,1639,124,9,6
141,4.704700,all,1358.85,106.06,135.50,1352,91,18,30
141,4.704700,all,1375.50,37.00,7.00,1374,35,4,5
141,4.704700,all,1364.57,36.64,7.00,1362,35,6,4
142,4.738067,all,871.03,355.65,12.50,869,353,5,7
142,4.738067,all,1055.39,258.18,82.50,1047,255,17,7
142,4.738067,all,1642.63,126.58,31.50,1639,124,8,6
142,4.738067,all,1356.71,104.48,47.50,1353,97,10,14
143,4.771433,all,871.03,355.65,12.50,869,353,5,7
143,4.771433,all,1055.39,258.18,82.50,1047,255,17,7
143,4.771433,all,1642.74,126.56,32.50,1639,124,9,6
144,4.804800,all,1416.76,918.38,17.50,1414,916,6,6
144,4.804800,all,1441.87,627.09,95.00,1437,618,9,23
144,4.804800,all,1427.19,450.00,7.00,1426,448,4,5
144,4.804800,all,1433.00,448.33,6.00,1431,447,5,4
144,4.804800,all,871.03,355.65,12.50,869,353,5,7
144,4.804800,all,1055.39,258.18,82.50,1047,255,17,7
144,4.804800,all,1642.74,126.56,32.50,1639,124,9,6
144,4.804800,all,1378.27,15.50,42.00,1372,10,13,10
145,4.838167,all,1441.43,625.98,34.50,1439,619,6,16
145,4.838167,all,871.03,355.65,12.50,869,353,5,7
145,4.838167,all,1055.39,258.18,82.50,1047,255,17,7
145,4.838167,all,1642.74,126.56,32.50,1639,124,9,6
146,4.871533,all,1058.46,642.18,78.00,1050,639,17,7
146,4.871533,all,871.03,355.65,12.50,869,353,5,7
146,4.871533,all,1055.39,258.18,82.50,1047,255,17,7
146,4.871533,all,1642.63,126.58,31.50,1639,124,8,6
147,4.904900,all,1058.61,642.23,78.00,1050,639,17,7
147,4.904900,all,871.03,355.65,12.50,869,353,5,7
147,4.904900,all,1055.39,258.18,82.50,1047,255,17,7
147,4.904900,all,1642.74,126.56,32.50,1639,124,9,6
148,4.938267,all,1357.74,894.17,54.00,1355,885,6,19
148,4.938267,all,1058.08,641.89,34.50,1052,640,13,5
148,4.938267,all,871.14,355.71,11.50,870,353,4,7
148,4.938267,all,1055.32,258.21,81.50,1047,255,17,7
148,4.938267,all,1642.74,126.56,32.50,1639,124,9,6
149,4.971633,all,871.14,355.71,11.50,870,353,4,7
149,4.971633,all,1055.32,258.21,81.50,1047,255,17,7
149,4.971633,all,1642.86,126.58,33.50,1639,124,9,6
150,5.005000,all,871.03,355.65,12.50,869,353,5,7
150,5.005000,all,1055.46,258.17,80.00,1047,255,17,7
150,5.005000,all,1642.86,126.58,33.50,1639,124,9,6
151,5.038367,all,871.03,355.65,12.50,869,353,5,7
151,5.038367,all,1055.46,258.17,80.00,1047,255,17,7
151,5.038367,all,1642.86,126.58,33.50,1639,124,9,6
152,5.071733,all,1467.33,622.67,6.00,1466,620,4,7
152,5.071733,all,1461.65,468.74,158.50,1457,446,9,51
152,5.071733,all,1455.12,438.64,21.50,1452,435,7,9
152,5.071733,all,871.03,355.65,12.50,869,353,5,7
152,5.071733,all,1055.32,258.21,81.50,1047,255,17,7
152,5.071733,all,1642.91,126.64,32.50,1639,124,9,6
152,5.071733,all,1401.62,8.42,32.50,1398,3,7,10
153,5.105100,all,1463.00,484.00,6.00,1462,482,3,5
153,5.105100,all,1462.85,474.54,20.50,1461,470,4,11
153,5.105100,all,871.03,355.65,12.50,869,353,5,7
153,5.105100,all,1055.32,258.21,81.50,1047,255,17,7
153,5.105100,all,1642.91,126.64,32.50,1639,124,9,6
154,5.138467,all,871.03,355.65,12.50,869,353,5,7
154,5.138467,all,1055.32,258.21,81.50,1047,255,17,7
154,5.138467,all,1642.80,126.63,31.50,1639,124,9,6
155,5.171833,all,871.03,355.65,12.50,869,353,5,7
155,5.171833,all,1055.32,258.21,81.50,1047,255,17,7
155,5.171833,all,1642.91,126.64,32.50,1639,124,9,6
156,5.205200,all,871.03,355.65,12.50,869,353,5,7
156,5.205200,all,1055.32,258.21,81.50,1047,255,17,7
156,5.205200,all,1642.80,126.63,31.50,1639,124,9,6
157,5.238567,all,871.03,355.84,11.50,869,353,5,7
157,5.238567,all,1055.32,258.21,81.50,1047,255,17,7
157,5.238567,all,1642.91,126.64,32.50,1639,124,9,6
158,5.271933,all,871.03,355.84,11.50,869,353,5,7
158,5.271933,all,1055.32,258.21,81.50,1047,255,17,7
158,5.271933,all,1642.91,126.64,32.50,1639,124,9,6
159,5.305300,all,871.03,355.84,11.50,869,353,5,7
159,5.305300,all,1055.32,258.21,81.50,1047,255,17,7
159,5.305300,all,1642.95,126.67,30.00,1639,124,9,6
160,5.338667,all,870.82,356.23,9.50,869,354,4,6
160,5.338667,all,1055.32,258.21,81.50,1047,255,17,7
160,5.338667,all,1643.06,126.68,31.00,1639,124,9,6
161,5.372033,all,871.03,355.84,11.50,869,353,5,7
161,5.372033,all,1055.32,258.21,81.50,1047,255,17,7
161,5.372033,all,1643.06,126.68,31.00,1639,124,9,6
162,5.405400,all,871.03,355.84,11.50,869,353,5,7
162,5.405400,all,1055.32,258.21,81.50,1047,255,17,7
162,5.405400,all,1642.80,126.63,31.50,1639,124,9,6
163,5.438767,all,871.14,355.60,13.50,869,353,5,7
163,5.438767,all,1055.39,258.18,82.50,1047,255,17,7
163,5.438767,all,1642.68,126.65,30.50,1639,124,8,6
164,5.472133,all,871.03,355.84,11.50,869,353,5,7
164,5.472133,all,1055.30,258.19,81.50,1047,255,17,7
164,5.472133,all,1642.68,126.65,30.50,1639,124,8,6
165,5.505500,all,871.15,355.77,12.50,869,353,5,7
165,5.505500,all,1055.30,258.19,81.50,1047,255,17,7
165,5.505500,all,1642.63,126.58,31.50,1639,124,8,6
166,5.538867,all,1486.57,513.36,7.00,1484,512,6,4
166,5.538867,all,1471.24,494.08,12.00,1470,491,4,7
166,5.538867,all,871.14,355.60,13.50,869,353,5,7
166,5.538867,all,1055.39,258.18,82.50,1047,255,17,7
166,5.538867,all,1642.63,126.58,31.50,1639,124,8,6
167,5.572233,all,1483.78,682.56,106.50,1478,674,14,17
167,5.572233,all,1474.00,637.00,10.00,1473,634,3,7
167,5.572233,all,1486.79,514.26,26.50,1483,511,7,9
167,5.572233,all,1472.30,494.70,5.50,1471,493,4,4
167,5.572233,all,1403.37,418.22,8.50,1402,416,4,5
167,5.572233,all,1389.84,358.79,19.50,1387,354,6,10
167,5.572233,all,871.03,355.65,12.50,869,353,5,7
167,5.572233,all,1055.39,258.18,82.50,1047,255,17,7
167,5.572233,all,1642.83,126.70,29.00,1639,124,8,6
167,5.572233,all,1335.77,7.09,20.50,1332,5,8,5
168,5.605600,all,1484.15,683.90,35.50,1479,679,11,9
168,5.605600,all,1436.36,458.59,212.00,1428,443,20,37
168,5.605600,all,871.03,355.65,12.50,869,353,5,7
168,5.605600,all,1055.39,258.18,82.50,1047,255,17,7
168,5.605600,all,1642.83,126.70,29.00,1639,124,8,6
168,5.605600,all,1378.21,16.49,60.50,1373,13,14,8
168,5.605600,all,1334.78,7.37,8.50,1333,6,5,4
169,5.638967,all,1429.06,491.89,120.50,1427,474,7,41
169,5.638967,all,1441.66,449.60,33.50,1438,447,9,7
169,5.638967,all,871.03,355.65,12.50,869,353,5,7
169,5.638967,all,1055.39,258.18,82.50,1047,255,17,7
169,5.638967,all,1642.83,126.70,29.00,1639,124,8,6
169,5.638967,all,1374.59,13.70,19.50,1372,11,7,7
170,5.672333,all,871.03,355.65,12.50,869,353,5,7
170,5.672333,all,1055.39,258.18,82.50,1047,255,17,7
170,5.672333,all,1642.83,126.70,29.00,1639,124,8,6
171,5.705700,all,871.03,355.65,12.50,869,353,5,7
171,5.705700,all,1055.30,258.19,81.50,1047,255,17,7
171,5.705700,all,1642.83,126.70,29.00,1639,124,8,6
171,5.705700,all,1314.22,51.63,8.50,1312,50,5,4
172,5.739067,all,1426.00,632.50,7.00,1424,631,5,4
172,5.739067,all,1430.11,541.69,15.50,1429,538,4,9
172,5.739067,all,1401.37,365.22,8.50,1400,363,4,5
172,5.739067,all,871.03,355.65,12.50,869,353,5,7
172,5.739067,all,1055.30,258.19,81.50,1047,255,17,7
172,5.739067,all,1642.83,126.70,29.00,1639,124,8,6
173,5.772433,all,871.14,355.60,13.50,869,353,5,7
173,5.772433,all,1055.39,258.18,82.50,1047,255,17,7
173,5.772433,all,1642.83,126.70,29.00,1639,124,8,6
174,5.805800,all,1475.74,612.79,52.00,1472,609,9,9
174,5.805800,all,1490.18,548.68,34.50,1484,544,12,9
174,5.805800,all,1455.23,420.36,41.00,1449,413,11,14
174,5.805800,all,871.14,355.60,13.50,869,353,5,7
174,5.805800,all,1055.32,258.21,81.50,1047,255,17,7
174,5.805800,all,1642.68,126.65,30.50,1639,124,8,6
174,5.805800,all,1396.65,10.47,24.00,1393,8,8,7
175,5.839167,all,1443.89,673.37,36.50,1440,670,9,8
175,5.839167,all,1475.56,612.60,30.50,1473,609,7,8
175,5.839167,all,1491.00,549.50,7.00,1489,548,5,4
175,5.839167,all,1459.61,493.08,27.00,1456,488,9,10
175,5.839167,all,1462.33,489.00,6.00,1461,487,4,5
175,5.839167,all,871.14,355.60,13.50,869,353,5,7
175,5.839167,all,1055.32,258.21,81.50,1047,255,17,7
175,5.839167,all,1642.83,126.70,29.00,1639,124,8,6
176,5.872533,all,1416.00,944.00,14.00,1414,942,5,5
176,5.872533,all,1443.88,673.20,15.50,1442,671,5,6
176,5.872533,all,1442.00,539.00,6.00,1441,537,3,5
176,5.872533,all,1447.08,549.88,112.50,1442,536,15,27
176,5.872533,all,871.14,355.60,13.50,869,353,5,7
176,5.872533,all,1055.32,258.21,81.50,1047,255,17,7
176,5.872533,all,1642.68,126.65,30.50,1639,124,8,6
176,5.872533,all,1391.00,5.78,31.00,1388,3,7,7
177,5.905900,all,1446.50,553.50,24.00,1444,547,6,14
177,5.905900,all,871.14,355.60,13.50,869,353,5,7
177,5.905900,all,1055.32,258.21,81.50,1047,255,17,7
177,5.905900,all,1642.83,126.70,29.00,1639,124,8,6
178,5.939267,all,871.14,355.60,13.50,869,353,5,7
178,5.939267,all,1055.39,258.18,82.50,1047,255,17,7
178,5.939267,all,1642.68,126.65,30.50,1639,124,8,6
179,5.972633,all,1428.46,674.42,13.00,1425,673,8,4
179,5.972633,all,1431.62,606.37,29.50,1427,604,10,7
179,5.972633,all,1455.00,433.50,8.00,1454,431,3,6
179,5.972633,all,1446.10,405.89,14.00,1444,404,6,5
179,5.972633,all,871.14,355.60,13.50,869,353,5,7
179,5.972633,all,1055.32,258.21,81.50,1047,255,17,7
179,5.972633,all,1642.80,126.63,31.50,1639,124,9,6
179,5.972633,all,1397.72,15.89,9.00,1396,13,4,7
180,6.006000,all,871.14,355.60,13.50,869,353,5,7
180,6.006000,all,1055.32,258.21,81.50,1047,255,17,7
180,6.006000,all,1642.68,126.65,30.50,1639,124,8,6
181,6.039367,all,871.14,355.60,13.50,869,353,5,7
181,6.039367,all,1055.32,258.21,81.50,1047,255,17,7
181,6.039367,all,1642.68,126.65,30.50,1639,124,8,6
182,6.072733,all,871.02,356.31,13.50,869,353,5,8
182,6.072733,all,1055.32,258.21,81.50,1047,255,17,7
182,6.072733,all,1642.68,126.65,30.50,1639,124,8,6
183,6.106100,all,871.03,355.65,12.50,869,353,5,7
183,6.106100,all,1055.32,258.21,81.50,1047,255,17,7
183,6.106100,all,1642.68,126.65,30.50,1639,124,8,6
184,6.139467,all,871.03,355.65,12.50,869,353,5,7
184,6.139467,all,1055.32,258.21,81.50,1047,255,17,7
184,6.139467,all,1642.68,126.65,30.50,1639,124,8,6
185,6.172833,all,871.03,355.65,12.50,869,353,5,7
185,6.172833,all,1055.32,258.21,81.50,1047,255,17,7
185,6.172833,all,1642.68,126.65,30.50,1639,124,8,6
186,6.206200,all,870.88,355.91,11.00,869,353,4,7
186,6.206200,all,1055.32,258.21,81.50,1047,255,17,7
186,6.206200,all,1642.68,126.65,30.50,1639,124,8,6
187,6.239567,all,870.88,355.91,11.00,869,353,4,7
187,6.239567,all,1055.26,258.24,80.50,1047,255,17,7
187,6.239567,all,1642.68,126.65,30.50,1639,124,8,6
188,6.272933,all,870.88,355.91,11.00,869,353,4,7
188,6.272933,all,1055.26,258.24,80.50,1047,255,17,7
188,6.272933,all,1642.68,126.65,30.50,1639,124,8,6
189,6.306300,all,870.88,355.91,11.00,869,353,4,7
189,6.306300,all,1055.26,258.24,80.50,1047,255,17,7
189,6.306300,all,1642.83,126.70,29.00,1639,124,8,6
190,6.339667,all,1504.25,397.93,135.00,1499,386,16,26
190,6.339667,all,870.88,355.91,11.00,869,353,4,7
190,6.339667,all,1055.32,258.21,81.50,1047,255,17,7
190,6.339667,all,1642.83,126.70,29.00,1639,124,8,6
191,6.373033,all,1451.51,650.79,32.50,1447,645,10,15
191,6.373033,all,1504.73,394.00,42.50,1500,388,11,15
191,6.373033,all,1515.45,392.47,26.00,1512,387,7,10
191,6.373033,all,870.88,355.91,11.00,869,353,4,7
191,6.373033,all,1055.32,258.21,81.50,1047,255,17,7
191,6.373033,all,1642.83,126.70,29.00,1639,124,8,6
192,6.406400,all,1453.73,648.42,16.00,1451,645,6,7
192,6.406400,all,1449.00,542.00,14.00,1448,538,3,9
192,6.406400,all,871.03,355.65,12.50,869,353,5,7
192,6.406400,all,1055.32,258.21,81.50,1047,255,17,7
192,6.406400,all,1642.83,126.70,29.00,1639,124,8,6
192,6.406400,all,1393.00,4.00,6.00,1392,2,3,5
193,6.439767,all,871.03,355.65,12.50,869,353,5,7
193,6.439767,all,1055.32,258.21,81.50,1047,255,17,7
193,6.439767,all,1642.83,126.70,29.00,1639,124,8,6
194,6.473133,all,871.03,355.65,12.50,869,353,5,7
194,6.473133,all,1055.32,258.21,81.50,1047,255,17,7
194,6.473133,all,1642.83,126.70,29.00,1639,124,8,6
195,6.506500,all,871.03,355.65,12.50,869,353,5,7
195,6.506500,all,1055.32,258.21,81.50,1047,255,17,7
195,6.506500,all,1642.83,126.70,29.00,1639,124,8,6
196,6.539867,all,871.03,355.65,12.50,869,353,5,7
196,6.539867,all,1055.32,258.21,81.50,1047,255,17,7
196,6.539867,all,1642.83,126.70,29.00,1639,124,8,6
197,6.573233,all,870.88,355.91,11.00,869,353,4,7
197,6.573233,all,1055.32,258.21,81.50,1047,255,17,7
197,6.573233,all,1642.83,126.70,29.00,1639,124,8,6
198,6.606600,all,871.03,355.65,12.50,869,353,5,7
198,6.606600,all,1055.32,258.21,81.50,1047,255,17,7
198,6.606600,all,1642.83,126.70,29.00,1639,124,8,6
199,6.639967,all,871.03,355.65,12.50,869,353,5,7
199,6.639967,all,1055.32,258.21,81.50,1047,255,17,7
199,6.639967,all,1642.73,126.60,30.50,1639,124,8,6
200,6.673333,all,871.03,355.65,12.50,869,353,5,7
200,6.673333,all,1055.32,258.21,81.50,1047,255,17,7
200,6.673333,all,1642.73,126.60,30.50,1639,124,8,6
201,6.706700,all,871.03,355.65,12.50,869,353,5,7
201,6.706700,all,1055.32,258.21,81.50,1047,255,17,7
201,6.706700,all,1642.83,126.70,29.00,1639,124,8,6
202,6.740067,all,871.03,355.65,12.50,869,353,5,7
202,6.740067,all,1055.19,258.24,80.00,1047,255,17,7
202,6.740067,all,1642.83,126.70,29.00,1639,124,8,6
203,6.773433,all,870.88,355.91,11.00,869,353,4,7
203,6.773433,all,1055.32,258.21,81.50,1047,255,17,7
203,6.773433,all,1642.83,126.70,29.00,1639,124,8,6
204,6.806800,all,871.03,355.65,12.50,869,353,5,7
204,6.806800,all,1055.32,258.21,81.50,1047,255,17,7
204,6.806800,all,1642.83,126.70,29.00,1639,124,8,6
205,6.840167,all,870.88,355.91,11.00,869,353,4,7
205,6.840167,all,1055.32,258.21,81.50,1047,255,17,7
205,6.840167,all,1642.83,126.70,29.00,1639,124,8,6
206,6.873533,all,870.88,355.91,11.00,869,353,4,7
206,6.873533,all,1055.32,258.21,81.50,1047,255,17,7
206,6.873533,all,1642.68,126.65,30.50,1639,124,8,6
207,6.906900,all,870.88,355.91,11.00,869,353,4,7
207,6.906900,all,1055.32,258.21,81.50,1047,255,17,7
207,6.906900,all,1642.63,126.58,31.50,1639,124,8,6
208,6.940267,all,870.88,355.91,11.00,869,353,4,7
208,6.940267,all,1055.32,258.21,81.50,1047,255,17,7
208,6.940267,all,1642.63,126.58,31.50,1639,124,8,6
209,6.973633,all,870.88,355.91,11.00,869,353,4,7
209,6.973633,all,1055.32,258.21,81.50,1047,255,17,7
209,6.973633,all,1642.63,126.58,31.50,1639,124,8,6
210,7.007000,all,870.90,356.38,13.00,869,353,4,8
210,7.007000,all,1055.33,258.20,78.50,1047,255,17,7
210,7.007000,all,1642.91,126.64,32.50,1639,124,9,6
211,7.040367,all,870.90,356.38,13.00,869,353,4,8
211,7.040367,all,1055.19,258.24,80.00,1047,255,17,7
211,7.040367,all,1642.91,126.64,32.50,1639,124,9,6
212,7.073733,all,870.88,355.91,11.00,869,353,4,7
212,7.073733,all,1055.19,258.24,80.00,1047,255,17,7
212,7.073733,all,1643.06,126.68,31.00,1639,124,9,6
213,7.107100,all,870.88,355.91,11.00,869,353,4,7
213,7.107100,all,1055.32,258.21,81.50,1047,255,17,7
213,7.107100,all,1643.06,126.68,31.00,1639,124,9,6
214,7.140467,all,1486.49,507.65,315.50,1481,475,10,71
214,7.140467,all,870.88,355.91,11.00,869,353,4,7
214,7.140467,all,1055.46,258.17,80.00,1047,255,17,7
214,7.140467,all,1643.06,126.68,31.00,1639,124,9,6
215,7.173833,all,1389.61,662.56,9.00,1388,660,4,6
215,7.173833,all,1485.00,533.50,8.00,1484,531,3,6
215,7.173833,all,1486.25,524.02,21.50,1484,518,5,12
215,7.173833,all,1405.67,494.50,12.00,1403,491,7,8
215,7.173833,all,1406.00,469.50,8.00,1405,467,3,6
215,7.173833,all,870.88,355.91,11.00,869,353,4,7
215,7.173833,all,1055.33,258.20,78.50,1047,255,17,7
215,7.173833,all,1642.91,126.64,32.50,1639,124,9,6
215,7.173833,all,1354.00,20.84,15.00,1352,18,5,6
216,7.207200,all,870.82,356.23,9.50,869,354,4,6
216,7.207200,all,1055.46,258.17,80.00,1047,255,17,7
216,7.207200,all,1642.91,126.64,32.50,1639,124,9,6
217,7.240567,all,870.82,356.23,9.50,869,354,4,6
217,7.240567,all,1055.46,258.17,80.00,1047,255,17,7
217,7.240567,all,1642.80,126.66,31.50,1639,124,9,6
218,7.273933,all,870.82,356.23,9.50,869,354,4,6
218,7.273933,all,1055.46,258.17,80.00,1047,255,17,7
218,7.273933,all,1642.91,126.64,32.50,1639,124,9,6
219,7.307300,all,870.86,356.71,11.50,869,354,4,7
219,7.307300,all,1055.46,258.17,80.00,1047,255,17,7
219,7.307300,all,1642.91,126.64,32.50,1639,124,9,6
220,7.340667,all,870.70,356.21,10.50,869,354,4,6
220,7.340667,all,1055.32,258.21,81.50,1047,255,17,7
220,7.340667,all,1642.95,126.71,30.00,1639,124,9,6
221,7.374033,all,870.70,356.21,10.50,869,354,4,6
221,7.374033,all,1055.46,258.17,80.00,1047,255,17,7
221,7.374033,all,1642.95,126.71,30.00,1639,124,9,6
222,7.407400,all,870.70,356.21,10.50,869,354,4,6
222,7.407400,all,1055.32,258.21,81.50,1047,255,17,7
222,7.407400,all,1642.83,126.70,29.00,1639,124,8,6
223,7.440767,all,762.37,393.31,15.50,761,389,4,9
223,7.440767,all,871.03,355.84,11.50,869,353,5,7
223,7.440767,all,758.32,314.67,12.00,757,311,4,9
223,7.440767,all,1055.32,258.21,81.50,1047,255,17,7
223,7.440767,all,1642.68,126.65,30.50,1639,124,8,6
224,7.474133,all,870.82,356.23,9.50,869,354,4,6
224,7.474133,all,1055.40,258.20,79.00,1047,255,17,7
224,7.474133,all,1642.68,126.65,30.50,1639,124,8,6
225,7.507500,all,870.82,356.23,9.50,869,354,4,6
225,7.507500,all,1055.40,258.20,79.00,1047,255,17,7
225,7.507500,all,1642.68,126.65,30.50,1639,124,8,6
226,7.540867,all,870.82,356.23,9.50,869,354,4,6
226,7.540867,all,1055.40,258.20,79.00,1047,255,17,7
226,7.540867,all,1642.83,126.70,29.00,1639,124,8,6
227,7.574233,all,870.82,356.23,9.50,869,354,4,6
227,7.574233,all,1055.40,258.20,79.00,1047,255,17,7
227,7.574233,all,1642.68,126.65,30.50,1639,124,8,6
228,7.607600,all,870.82,356.23,9.50,869,354,4,6
228,7.607600,all,1055.21,258.28,79.50,1047,255,17,7
228,7.607600,all,1642.68,126.65,30.50,1639,124,8,6
229,7.640967,all,870.82,356.23,9.50,869,354,4,6
229,7.640967,all,1055.26,258.24,80.50,1047,255,17,7
229,7.640967,all,1642.68,126.65,30.50,1639,124,8,6
230,7.674333,all,870.82,356.23,9.50,869,354,4,6
230,7.674333,all,1055.21,258.28,79.50,1047,255,17,7
230,7.674333,all,1642.68,126.65,30.50,1639,124,8,6
231,7.707700,all,870.86,356.71,11.50,869,354,4,7
231,7.707700,all,1055.21,258.28,79.50,1047,255,17,7
231,7.707700,all,1642.68,126.65,30.50,1639,124,8,6
232,7.741067,all,870.82,356.23,9.50,869,354,4,6
232,7.741067,all,1055.32,258.21,81.50,1047,255,17,7
232,7.741067,all,1642.68,126.65,30.50,1639,124,8,6
233,7.774433,all,870.82,356.23,9.50,869,354,4,6
233,7.774433,all,1055.32,258.21,81.50,1047,255,17,7
233,7.774433,all,1642.68,126.65,30.50,1639,124,8,6
234,7.807800,all,870.82,356.23,9.50,869,354,4,6
234,7.807800,all,1055.32,258.21,81.50,1047,255,17,7
234,7.807800,all,1642.68,126.65,30.50,1639,124,8,6
235,7.841167,all,870.82,356.23,9.50,869,354,4,6
235,7.841167,all,1055.32,258.21,81.50,1047,255,17,7
235,7.841167,all,1642.83,126.70,29.00,1639,124,8,6
236,7.874533,all,870.82,356.23,9.50,869,354,4,6
236,7.874533,all,1055.32,258.21,81.50,1047,255,17,7
236,7.874533,all,1642.83,126.70,29.00,1639,124,8,6
237,7.907900,all,870.82,356.23,9.50,869,354,4,6
237,7.907900,all,783.75,294.35,12.50,782,291,4,7
237,7.907900,all,1055.32,258.21,81.50,1047,255,17,7
237,7.907900,all,1642.83,126.70,29.00,1639,124,8,6
238,7.941267,all,870.82,356.23,9.50,869,354,4,6
238,7.941267,all,1055.32,258.21,81.50,1047,255,17,7
238,7.941267,all,1642.83,126.70,29.00,1639,124,8,6
239,7.974633,all,870.82,356.23,9.50,869,354,4,6
239,7.974633,all,1055.26,258.24,80.50,1047,255,17,7
239,7.974633,all,1642.83,126.70,29.00,1639,124,8,6
240,8.008000,all,1429.65,604.52,91.50,1427,595,7,21
240,8.008000,all,1446.56,482.55,52.00,1441,477,10,12
240,8.008000,all,764.11,410.70,14.50,761,409,8,5
240,8.008000,all,870.82,356.23,9.50,869,354,4,6
240,8.008000,all,1433.00,356.50,28.00,1430,349,6,16
240,8.008000,all,760.00,302.75,8.00,756,301,8,4
240,8.008000,all,1055.21,258.28,79.50,1047,255,17,7
240,8.008000,all,1642.83,126.70,29.00,1639,124,8,6
240,8.008000,all,1388.59,97.64,197.00,1377,70,19,52
240,8.008000,all,1392.00,65.00,6.00,1391,63,3,5
241,8.041367,all,1429.30,604.00,35.00,1428,597,4,16
241,8.041367,all,1447.19,482.99,23.50,1444,480,7,8
241,8.041367,all,870.82,356.23,9.50,869,354,4,6
241,8.041367,all,1055.21,258.28,79.50,1047,255,17,7
241,8.041367,all,1642.83,126.70,29.00,1639,124,8,6
241,8.041367,all,1385.35,109.89,50.50,1379,99,13,21
242,8.074733,all,1401.95,651.75,27.50,1397,648,11,8
242,8.074733,all,1380.22,414.22,8.50,1378,412,5,5
242,8.074733,all,1380.55,403.48,21.00,1379,398,4,12
242,8.074733,all,1391.71,392.76,51.00,1388,383,8,19
242,8.074733,all,870.82,356.23,9.50,869,354,4,6
242,8.074733,all,1378.31,343.47,74.00,1376,331,8,26
242,8.074733,all,1055.32,258.21,81.50,1047,255,17,7
242,8.074733,all,1642.68,126.65,30.50,1639,124,8,6
242,8.074733,all,1342.65,89.57,42.00,1339,83,7,15
242,8.074733,all,1343.00,79.00,6.00,1342,77,3,5
242,8.074733,all,1331.69,47.94,16.00,1330,44,4,9
242,8.074733,all,1342.32,39.20,18.50,1339,35,6,10
242,8.074733,all,1331.72,36.58,16.00,1330,34,5,7
243,8.108100,all,1403.57,652.64,7.00,1401,651,6,4
243,8.108100,all,871.00,356.50,8.00,870,354,3,6
243,8.108100,all,1375.91,328.99,30.50,1374,322,5,14
243,8.108100,all,1055.32,258.21,81.50,1047,255,17,7
243,8.108100,all,1642.83,126.70,29.00,1639,124,8,6
243,8.108100,all,1348.00,123.50,8.00,1347,121,3,6
243,8.108100,all,1345.43,106.87,45.00,1343,96,6,23
244,8.141467,all,870.82,356.23,9.50,869,354,4,6
244,8.141467,all,1055.32,258.21,81.50,1047,255,17,7
244,8.141467,all,1642.68,126.65,30.50,1639,124,8,6
245,8.174833,all,871.00,356.50,8.00,870,354,3,6
245,8.174833,all,1055.21,258.28,79.50,1047,255,17,7
245,8.174833,all,1642.68,126.65,30.50,1639,124,8,6
246,8.208200,all,871.00,356.50,8.00,870,354,3,6
246,8.208200,all,1055.12,258.23,82.00,1047,255,17,7
246,8.208200,all,1642.83,126.70,29.00,1639,124,8,6
247,8.241567,all,870.82,356.23,9.50,869,354,4,6
247,8.241567,all,1055.21,258.28,79.50,1047,255,17,7
247,8.241567,all,1642.83,126.70,29.00,1639,124,8,6
248,8.274933,all,870.82,356.23,9.50,869,354,4,6
248,8.274933,all,1055.26,258.24,80.50,1047,255,17,7
248,8.274933,all,1642.68,126.65,30.50,1639,124,8,6
249,8.308300,all,871.00,356.50,8.00,870,354,3,6
249,8.308300,all,1055.21,258.28,79.50,1047,255,17,7
249,8.308300,all,1642.68,126.65,30.50,1639,124,8,6
250,8.341667,all,870.82,356.23,9.50,869,354,4,6
250,8.341667,all,1055.26,258.24,80.50,1047,255,17,7
250,8.341667,all,1642.83,126.70,29.00,1639,124,8,6
251,8.375033,all,870.82,356.23,9.50,869,354,4,6
251,8.375033,all,1055.13,258.27,79.00,1047,255,17,7
251,8.375033,all,1642.68,126.65,30.50,1639,124,8,6
252,8.408400,all,871.03,355.84,11.50,869,353,5,7
252,8.408400,all,1055.19,258.24,80.00,1047,255,17,7
252,8.408400,all,1642.83,126.70,29.00,1639,124,8,6
253,8.441767,all,871.03,355.84,11.50,869,353,5,7
253,8.441767,all,1055.32,258.21,81.50,1047,255,17,7
253,8.441767,all,1642.83,126.70,29.00,1639,124,8,6
254,8.475133,all,870.82,356.23,9.50,869,354,4,6
254,8.475133,all,1055.32,258.21,81.50,1047,255,17,7
254,8.475133,all,1642.83,126.70,29.00,1639,124,8,6
255,8.508500,all,870.82,356.23,9.50,869,354,4,6
255,8.508500,all,1055.19,258.24,80.00,1047,255,17,7
255,8.508500,all,1642.70,126.80,27.50,1639,124,8,6
256,8.541867,all,1427.76,689.07,41.50,1423,682,11,14
256,8.541867,all,1392.41,680.45,11.00,1391,677,4,8
256,8.541867,all,1451.67,590.00,11.00,1450,588,5,5
256,8.541867,all,1471.22,580.29,39.50,1466,577,10,8
256,8.541867,all,802.00,523.89,18.00,801,518,3,13
256,8.541867,all,1454.44,481.79,26.00,1450,479,10,6
256,8.541867,all,1449.44,469.50,19.50,1448,465,5,9
256,8.541867,all,870.82,356.23,9.50,869,354,4,6
256,8.541867,all,1469.00,312.59,9.00,1467,311,5,5
256,8.541867,all,1055.37,258.22,76.50,1048,255,16,7
256,8.541867,all,1642.70,126.80,27.50,1639,124,8,6
256,8.541867,all,1440.29,70.01,256.50,1430,50,20,46
256,8.541867,all,1425.43,49.11,93.50,1423,34,7,37
256,8.541867,all,1398.16,2.17,14.50,1396,0,5,6
257,8.575233,all,1426.75,690.50,8.00,1425,688,4,6
257,8.575233,all,1403.26,604.92,22.50,1399,603,9,5
257,8.575233,all,1429.48,600.71,63.50,1418,594,21,19
257,8.575233,all,1387.89,580.72,9.00,1385,579,7,4
257,8.575233,all,1417.00,566.00,12.00,1415,563,5,7
257,8.575233,all,1405.50,518.00,5.00,1404,516,4,5
257,8.575233,all,1407.23,447.80,34.00,1402,443,10,11
257,8.575233,all,1055.34,258.18,76.50,1048,255,16,7
257,8.575233,all,1642.70,126.80,27.50,1639,124,8,6
257,8.575233,all,1367.50,71.50,8.00,1366,69,4,6
257,8.575233,all,1444.96,62.88,42.50,1440,57,9,13
257,8.575233,all,1438.23,59.40,15.00,1436,56,5,8
257,8.575233,all,1426.30,37.30,5.50,1425,36,4,4
257,8.575233,all,1374.16,19.89,28.50,1371,17,8,7
258,8.608600,all,1382.49,925.00,57.50,1374,921,19,8
258,8.608600,all,1393.55,608.86,22.00,1390,604,8,11
258,8.608600,all,1418.26,604.09,230.00,1399,594,39,25
258,8.608600,all,1055.34,258.41,71.50,1048,255,16,7
258,8.608600,all,1642.73,126.89,26.50,1639,124,8,6
259,8.641967,all,1422.20,605.76,28.00,1418,601,8,12
259,8.641967,all,1408.15,602.14,20.00,1403,601,11,4
259,8.641967,all,1055.16,258.61,70.00,1047,256,17,6
259,8.641967,all,1643.03,126.83,29.00,1639,124,9,6
260,8.675333,all,1055.16,258.61,70.00,1047,256,17,6
260,8.675333,all,1643.03,126.83,29.00,1639,124,9,6
261,8.708700,all,1055.16,258.61,70.00,1047,256,17,6
261,8.708700,all,1643.00,127.00,31.00,1639,124,9,7
262,8.742067,all,1055.16,258.61,70.00,1047,256,17,6
262,8.742067,all,1643.00,127.00,31.00,1639,124,9,7
263,8.775433,all,1055.31,258.57,71.50,1047,256,17,6
263,8.775433,all,1642.97,127.17,29.00,1639,125,9,6
264,8.808800,all,1055.16,258.61,70.00,1047,256,17,6
264,8.808800,all,1642.90,127.24,30.00,1639,125,9,6
265,8.842167,all,1055.25,258.63,69.00,1047,256,17,6
265,8.842167,all,1642.90,127.24,30.00,1639,125,9,6
266,8.875533,all,753.70,511.70,5.50,752,510,4,4
266,8.875533,all,747.85,407.48,25.00,745,403,7,10
266,8.875533,all,603.30,358.89,15.50,602,355,4,8
266,8.875533,all,742.57,316.60,15.00,741,313,4,8
266,8.875533,all,1055.25,258.63,69.00,1047,256,17,6
266,8.875533,all,1642.90,127.24,30.00,1639,125,9,6
267,8.908900,all,754.00,509.00,10.00,753,506,3,7
267,8.908900,all,757.00,418.36,14.00,755,416,5,6
267,8.908900,all,600.63,349.78,8.50,599,348,4,5
267,8.908900,all,750.30,304.70,5.50,749,303,4,4
267,8.908900,all,1055.39,258.59,70.50,1047,256,17,6
267,8.908900,all,1642.90,127.24,30.00,1639,125,9,6
268,8.942267,all,1055.39,258.66,70.50,1047,256,17,6
268,8.942267,all,1642.90,127.24,30.00,1639,125,9,6
269,8.975633,all,1055.39,258.59,70.50,1047,256,17,6
269,8.975633,all,1642.90,127.24,30.00,1639,125,9,6
270,9.009000,all,1055.25,258.63,69.00,1047,256,17,6
270,9.009000,all,1643.06,127.21,32.50,1639,124,9,7
271,9.042367,all,1055.25,258.63,69.00,1047,256,17,6
271,9.042367,all,1642.90,127.16,31.00,1639,124,9,7
272,9.075733,all,1055.16,258.61,70.00,1047,256,17,6
272,9.075733,all,1642.91,127.30,34.00,1639,124,9,7
273,9.109100,all,1055.27,258.60,69.00,1047,256,17,6
273,9.109100,all,1642.90,127.24,30.00,1639,125,9,6
274,9.142467,all,1055.37,258.59,64.00,1048,256,15,6
274,9.142467,all,1642.79,127.24,27.50,1639,125,9,6
275,9.175833,all,1054.95,258.46,124.50,1047,253,17,11
275,9.175833,all,1642.95,127.21,37.00,1639,124,9,7
276,9.209200,all,1054.56,257.81,149.00,1047,251,17,13
276,9.209200,all,1642.63,127.30,42.00,1638,124,10,7
277,9.242567,all,1054.41,257.87,168.50,1047,251,17,14
277,9.242567,all,1642.59,127.23,44.00,1638,124,10,7
278,9.275933,all,1054.14,257.90,182.00,1046,251,18,14
278,9.275933,all,1642.54,127.29,46.50,1637,124,12,7
279,9.309300,all,767.00,396.00,6.00,766,394,3,5
279,9.309300,all,870.78,355.76,7.50,869,354,4,5
279,9.309300,all,763.00,317.00,6.00,761,315,5,5
279,9.309300,all,1054.00,257.78,196.00,1046,251,18,14
279,9.309300,all,1642.53,127.33,54.00,1637,124,12,8
280,9.342667,all,1341.35,882.88,263.50,1335,863,12,36
280,9.342667,all,1363.16,682.97,70.00,1358,674,13,15
280,9.342667,all,1364.91,641.15,15.50,1362,638,7,8
280,9.342667,all,1354.61,643.45,59.00,1352,634,9,23
280,9.342667,all,746.22,520.76,7.50,745,519,4,5
280,9.342667,all,870.82,356.23,9.50,869,354,4,6
280,9.342667,all,613.00,352.50,8.00,612,350,3,6
280,9.342667,all,1053.76,257.69,204.00,1045,250,19,15
280,9.342667,all,1642.45,127.51,59.00,1636,124,13,8
280,9.342667,all,1322.84,21.00,15.00,1320,19,6,5
281,9.376033,all,1341.19,883.51,226.00,1336,863,11,36
281,9.376033,all,1362.82,683.26,28.00,1360,679,8,8
281,9.376033,all,1355.29,641.70,43.00,1353,634,7,17
281,9.376033,all,1481.70,480.30,5.50,1480,479,4,4
281,9.376033,all,1481.00,472.00,6.00,1480,470,3,5
281,9.376033,all,1491.93,481.81,117.00,1483,467,16,28
281,9.376033,all,756.33,422.00,6.00,755,420,4,5
281,9.376033,all,870.82,356.23,9.50,869,354,4,6
281,9.376033,all,613.00,352.00,6.00,612,350,3,5
281,9.376033,all,1053.78,257.63,206.00,1045,250,19,15
281,9.376033,all,1642.44,127.59,61.00,1636,124,13,8
281,9.376033,all,1322.67,21.00,11.00,1321,19,5,5
282,9.409400,all,1478.44,921.65,31.50,1474,917,10,9
282,9.409400,all,1448.15,692.85,12.50,1446,691,5,5
282,9.409400,all,1525.65,665.89,10.50,1523,663,6,6
282,9.409400,all,1509.23,659.62,71.00,1504,648,11,20
282,9.409400,all,1499.92,644.49,13.00,1497,642,7,7
282,9.409400,all,1430.68,644.68,16.00,1428,642,7,7
282,9.409400,all,1495.64,483.43,7.00,1494,481,4,6
282,9.409400,all,1481.00,471.00,6.00,1480,469,3,5
282,9.409400,all,1486.31,439.48,317.00,1480,409,14,62
282,9.409400,all,870.75,356.65,12.50,869,354,4,7
282,9.409400,all,1053.40,257.49,216.50,1045,250,19,15
282,9.409400,all,1642.27,127.54,63.50,1636,124,13,8
283,9.442767,all,1484.31,428.12,60.00,1482,416,6,25
283,9.442767,all,870.75,356.65,12.50,869,354,4,7
283,9.442767,all,1053.40,257.49,216.50,1045,250,19,15
283,9.442767,all,1642.27,127.54,63.50,1636,124,13,8
284,9.476133,all,871.02,356.04,16.50,869,353,5,8
284,9.476133,all,1053.35,257.56,220.00,1045,250,19,15
284,9.476133,all,1642.17,127.65,66.00,1636,124,13,8
285,9.509500,all,871.26,356.33,18.50,869,353,5,8
285,9.509500,all,1053.35,257.56,220.00,1045,250,19,15
285,9.509500,all,1642.17,127.65,66.00,1636,124,13,8
286,9.542867,all,871.25,356.19,19.50,869,353,5,8
286,9.542867,all,1053.35,257.53,221.00,1045,250,19,15
286,9.542867,all,1642.29,127.58,67.50,1636,124,13,8
287,9.576233,all,871.25,356.19,19.50,869,353,5,8
287,9.576233,all,1053.38,257.51,222.00,1045,250,19,15
287,9.576233,all,1642.29,127.58,67.50,1636,124,13,8
288,9.609600,all,871.25,356.19,19.50,869,353,5,8
288,9.609600,all,1053.38,257.45,224.00,1045,250,19,15
288,9.609600,all,1642.38,127.60,63.50,1636,124,13,8
289,9.642967,all,871.32,356.40,21.00,869,353,5,8
289,9.642967,all,1053.38,257.45,224.00,1045,250,19,15
289,9.642967,all,1642.47,127.57,62.50,1637,124,12,8
290,9.676333,all,871.32,356.40,21.00,869,353,5,8
290,9.676333,all,1053.40,257.43,225.00,1045,250,19,15
290,9.676333,all,1642.58,127.51,61.00,1637,124,12,8
291,9.709700,all,871.32,356.40,21.00,869,353,5,8
291,9.709700,all,1053.38,257.45,224.00,1045,250,19,15
291,9.709700,all,1642.54,127.46,62.00,1637,124,12,8
292,9.743067,all,871.32,356.40,21.00,869,353,5,8
292,9.743067,all,1053.34,257.44,223.00,1045,250,19,15
292,9.743067,all,1642.62,127.42,59.00,1638,124,11,8
293,9.776433,all,871.32,356.40,21.00,869,353,5,8
293,9.776433,all,1053.33,257.38,223.00,1045,250,19,15
293,9.776433,all,1642.62,127.42,59.00,1638,124,11,8
294,9.809800,all,871.38,356.65,22.50,869,353,5,9
294,9.809800,all,1053.33,257.38,223.00,1045,250,19,15
294,9.809800,all,1642.58,127.49,59.00,1637,124,12,8
295,9.843167,all,871.38,356.65,22.50,869,353,5,9
295,9.843167,all,1053.28,257.35,221.50,1045,250,19,15
295,9.843167,all,1642.47,127.57,62.50,1637,124,12,8
296,9.876533,all,871.38,356.65,22.50,869,353,5,9
296,9.876533,all,1053.28,257.35,221.50,1045,250,19,15
296,9.876533,all,1642.47,127.57,62.50,1637,124,12,8
297,9.909900,all,871.38,356.65,22.50,869,353,5,9
297,9.909900,all,1053.26,257.38,220.50,1045,250,19,15
297,9.909900,all,1642.17,127.65,66.00,1636,124,13,8
298,9.943267,all,871.38,356.65,22.50,869,353,5,9
298,9.943267,all,1053.20,257.33,222.00,1044,250,20,15
298,9.943267,all,1642.17,127.65,66.00,1636,124,13,8
299,9.976633,all,871.38,356.65,22.50,869,353,5,9
299,9.976633,all,1053.11,257.36,222.00,1044,250,20,16
299,9.976633,all,1642.20,127.59,68.50,1636,124,13,8
300,10.010000,all,871.23,356.43,22.00,869,353,5,8
300,10.010000,all,1053.10,257.58,228.50,1044,250,20,16
300,10.010000,all,1642.20,127.59,68.50,1636,124,13,8
301,10.043367,all,871.23,356.43,22.00,869,353,5,8
301,10.043367,all,1053.06,257.41,226.00,1044,250,20,16
301,10.043367,all,1642.29,127.58,67.50,1636,124,13,8
302,10.076733,all,871.23,356.43,22.00,869,353,5,8
302,10.076733,all,1052.99,257.35,225.00,1044,250,20,16
302,10.076733,all,1642.29,127.58,67.50,1636,124,13,8
303,10.110100,all,871.23,356.43,22.00,869,353,5,8
303,10.110100,all,1052.97,257.40,228.00,1044,250,20,16
303,10.110100,all,1642.07,127.65,70.00,1635,124,14,8
304,10.143467,all,871.21,356.67,23.50,869,353,5,9
304,10.143467,all,1052.93,257.50,231.00,1044,250,20,16
304,10.143467,all,1642.07,127.65,70.00,1635,124,14,8
305,10.176833,all,871.23,356.43,22.00,869,353,5,8
305,10.176833,all,1052.79,257.50,235.00,1044,250,20,16
305,10.176833,all,1642.20,127.59,68.50,1636,124,13,8
306,10.210200,all,871.23,356.43,22.00,869,353,5,8
306,10.210200,all,1052.83,257.51,236.00,1044,250,20,16
306,10.210200,all,1642.24,127.61,72.00,1635,124,15,8
307,10.243567,all,871.23,356.43,22.00,869,353,5,8
307,10.243567,all,1052.84,257.48,237.00,1044,250,20,16
307,10.243567,all,1642.24,127.61,72.00,1635,124,15,8
308,10.276933,all,1482.00,603.50,10.00,1480,601,5,6
308,10.276933,all,1482.00,469.00,6.00,1481,467,3,5
308,10.276933,all,1481.00,456.00,6.00,1480,454,3,5
308,10.276933,all,1481.44,447.11,18.00,1480,443,4,9
308,10.276933,all,871.23,356.43,22.00,869,353,5,8
308,10.276933,all,1052.85,257.51,238.00,1044,250,20,16
308,10.276933,all,1642.24,127.61,72.00,1635,124,15,8
308,10.276933,all,1420.78,2.72,13.00,1419,0,4,7
309,10.310300,all,871.23,356.43,22.00,869,353,5,8
309,10.310300,all,1052.87,257.48,233.00,1044,250,20,16
309,10.310300,all,1642.24,127.61,72.00,1635,124,15,8
310,10.343667,all,871.23,356.43,22.00,869,353,5,8
310,10.343667,all,1052.87,257.48,233.00,1044,250,20,16
310,10.343667,all,1642.15,127.63,73.00,1635,124,15,8
311,10.377033,all,1405.79,516.56,10.50,1403,514,6,6
311,10.377033,all,871.23,356.43,22.00,869,353,5,8
311,10.377033,all,1052.84,257.54,235.00,1044,250,20,16
311,10.377033,all,1642.15,127.63,73.00,1635,124,15,8
311,10.377033,all,1333.99,111.99,76.00,1329,104,10,19
312,10.410400,all,871.23,356.43,22.00,869,353,5,8
312,10.410400,all,1052.86,257.51,234.00,1044,250,20,16
312,10.410400,all,1642.15,127.63,73.00,1635,124,15,8
312,10.410400,all,1335.30,125.10,20.00,1334,119,4,14
313,10.443767,all,871.23,356.43,22.00,869,353,5,8
313,10.443767,all,1052.87,257.39,230.00,1044,250,20,16
313,10.443767,all,1642.15,127.63,73.00,1635,124,15,8
314,10.477133,all,871.23,356.43,22.00,869,353,5,8
314,10.477133,all,1052.86,257.48,233.00,1044,250,20,16
314,10.477133,all,1642.15,127.63,73.00,1635,124,15,8
315,10.510500,all,747.20,566.20,19.00,745,564,6,6
315,10.510500,all,871.23,356.43,22.00,869,353,5,8
315,10.510500,all,1052.86,257.51,234.00,1044,250,20,16
315,10.510500,all,1642.24,127.61,72.00,1635,124,15,8
316,10.543867,all,871.23,356.43,22.00,869,353,5,8
316,10.543867,all,1052.77,257.50,237.00,1044,250,20,16
316,10.543867,all,1642.15,127.63,73.00,1635,124,15,8
317,10.577233,all,739.02,425.78,7.50,737,424,6,4
317,10.577233,all,738.83,418.36,22.00,737,415,5,8
317,10.577233,all,871.23,356.43,22.00,869,353,5,8
317,10.577233,all,732.28,302.50,10.00,731,300,4,6
317,10.577233,all,732.76,294.22,7.50,731,293,5,4
317,10.577233,all,1052.80,257.35,232.00,1044,250,20,15
317,10.577233,all,1641.97,127.66,71.00,1635,124,14,8
318,10.610600,all,871.23,356.43,22.00,869,353,5,8
318,10.610600,all,1052.73,257.45,232.00,1044,250,20,16
318,10.610600,all,1641.97,127.66,71.00,1635,124,14,8
319,10.643967,all,871.23,356.43,22.00,869,353,5,8
319,10.643967,all,1052.73,257.45,232.00,1044,250,20,16
319,10.643967,all,1641.97,127.66,71.00,1635,124,14,8
320,10.677333,all,871.23,356.43,22.00,869,353,5,8
320,10.677333,all,1052.78,257.45,231.00,1044,250,20,16
320,10.677333,all,1642.15,127.63,73.00,1635,124,15,8
321,10.710700,all,871.23,356.43,22.00,869,353,5,8
321,10.710700,all,1052.73,257.41,232.50,1044,250,20,15
321,10.710700,all,1642.32,127.61,71.00,1635,124,15,8
322,10.744067,all,871.23,356.43,22.00,869,353,5,8
322,10.744067,all,1052.82,257.47,234.00,1044,250,20,16
322,10.744067,all,1642.29,127.58,67.50,1636,124,13,8
323,10.777433,all,871.21,356.67,23.50,869,353,5,9
323,10.777433,all,1052.86,257.43,232.00,1044,250,20,16
323,10.777433,all,1642.20,127.59,68.50,1636,124,13,8
324,10.810800,all,871.21,356.67,23.50,869,353,5,9
324,10.810800,all,1052.86,257.34,229.00,1044,250,20,15
324,10.810800,all,1642.29,127.58,67.50,1636,124,13,8
325,10.844167,all,871.21,356.67,23.50,869,353,5,9
325,10.844167,all,1052.83,257.40,231.00,1044,250,20,16
325,10.844167,all,1642.20,127.59,68.50,1636,124,13,8
326,10.877533,all,871.21,356.81,22.50,869,353,5,9
326,10.877533,all,1052.65,257.55,235.50,1044,250,20,16
326,10.877533,all,1642.15,127.62,71.00,1635,124,15,8
327,10.910900,all,871.21,356.67,23.50,869,353,5,9
327,10.910900,all,1052.67,257.61,237.50,1044,250,20,16
327,10.910900,all,1642.07,127.65,70.00,1635,124,14,8
328,10.944267,all,871.21,356.67,23.50,869,353,5,9
328,10.944267,all,1052.82,257.52,235.00,1044,250,20,16
328,10.944267,all,1642.07,127.65,70.00,1635,124,14,8
329,10.977633,all,871.21,356.67,23.50,869,353,5,9
329,10.977633,all,1052.88,257.59,234.50,1044,250,20,16
329,10.977633,all,1642.24,127.62,70.00,1635,124,15,8
330,11.011000,all,871.23,356.43,22.00,869,353,5,8
330,11.011000,all,1053.03,257.62,229.00,1044,250,20,16
330,11.011000,all,1642.38,127.56,70.50,1636,124,14,8
331,11.044367,all,871.23,356.43,22.00,869,353,5,8
331,11.044367,all,1053.09,257.66,227.50,1044,250,20,16
331,11.044367,all,1642.38,127.56,70.50,1636,124,14,8
332,11.077733,all,871.23,356.43,22.00,869,353,5,8
332,11.077733,all,1053.07,257.62,227.50,1044,250,20,16
332,11.077733,all,1642.29,127.58,67.50,1636,124,13,8
333,11.111100,all,871.23,356.43,22.00,869,353,5,8
333,11.111100,all,1052.95,257.60,231.50,1044,250,20,16
333,11.111100,all,1642.29,127.58,67.50,1636,124,13,8
334,11.144467,all,871.23,356.43,22.00,869,353,5,8
334,11.144467,all,1052.85,257.58,234.50,1044,250,20,16
334,11.144467,all,1642.20,127.59,68.50,1636,124,13,8
335,11.177833,all,871.23,356.43,22.00,869,353,5,8
335,11.177833,all,1053.03,257.42,226.00,1044,250,20,16
335,11.177833,all,1642.20,127.59,68.50,1636,124,13,8
336,11.211200,all,871.23,356.43,22.00,869,353,5,8
336,11.211200,all,1053.01,257.54,230.00,1044,250,20,16
336,11.211200,all,1642.11,127.69,71.00,1635,124,14,8
